customer_id,first_name,last_name,city
1,Meera,Sharma,Chennai
2,Isha,Iyer,Bengaluru
3,Meera,Kumar,Mumbai
4,Amit,Nair,Hyderabad
5,Aarav,Patel,Pune
6,Isha,Kumar,Hyderabad
7,Priya,Iyer,Kolkata
8,Isha,Joshi,Chennai
9,Aarav,Reddy,Kolkata
10,Rahul,Gupta,Bengaluru
11,Vikram,Singh,Mumbai
12,Rohan,Nair,Mumbai
13,Pooja,Singh,Chennai
14,Diya,Joshi,Mumbai
15,Sanjay,Patel,Chennai
16,Sneha,Singh,Pune
17,Rohan,Sharma,Pune
18,Neha,Patel,Pune
19,Meera,Nair,Chennai
20,Aditya,Singh,Bengaluru
21,Pooja,Singh,Pune
22,Arjun,Patel,Bengaluru
23,Priya,Iyer,Bengaluru
24,Aditya,Nair,Chennai
25,Priya,Iyer,Delhi
26,Diya,Iyer,Hyderabad
27,Rahul,Nair,Chennai
28,Rohan,Iyer,Delhi
29,Vikram,Joshi,Kolkata
30,Aditya,Reddy,Chennai
31,Kabir,Iyer,Chennai
32,Amit,Nair,Kolkata
33,Pooja,Iyer,Bengaluru
34,Kiran,Joshi,Mumbai
35,Diya,Patel,Bengaluru
36,Ananya,Nair,Mumbai
37,Sanjay,Nair,Ahmedabad
38,Kiran,Gupta,Hyderabad
39,Meera,Kumar,Chennai
40,Rahul,Patel,Chennai
41,Kavya,Reddy,Ahmedabad
42,Aarav,Gupta,Bengaluru
43,Kiran,Patel,Chennai
44,Kiran,Das,Pune
45,Kabir,Singh,Bengaluru
46,Priya,Kumar,Hyderabad
47,Sneha,Singh,Ahmedabad
48,Aarav,Patel,Delhi
49,Neha,Iyer,Hyderabad
50,Isha,Das,Mumbai
51,Rohan,Joshi,Mumbai
52,Priya,Reddy,Bengaluru
53,Nisha,Kumar,Bengaluru
54,Arjun,Kumar,Kolkata
55,Vikram,Kumar,Pune
56,Neha,Nair,Delhi
57,Aditya,Kumar,Ahmedabad
58,Meera,Iyer,Pune
59,Rohan,Singh,Hyderabad
60,Amit,Kumar,Pune
61,Amit,Iyer,Hyderabad
62,Rohan,Sharma,Pune
63,Rohan,Sharma,Delhi
64,Rohan,Kumar,Pune
65,Arjun,Joshi,Pune
66,Priya,Reddy,Ahmedabad
67,Isha,Joshi,Kolkata
68,Vikram,Patel,Mumbai
69,Kavya,Singh,Kolkata
70,Kavya,Joshi,Hyderabad
71,Meera,Sharma,Kolkata
72,Rahul,Patel,Pune
73,Vikram,Iyer,Ahmedabad
74,Kabir,Nair,Bengaluru
75,Arjun,Joshi,Pune
76,Rohan,Joshi,Mumbai
77,Diya,Kumar,Hyderabad
78,Rohan,Iyer,Bengaluru
79,Kavya,Joshi,Ahmedabad
80,Vikram,Nair,Hyderabad
81,Ananya,Nair,Hyderabad
82,Sanjay,Gupta,Ahmedabad
83,Neha,Nair,Ahmedabad
84,Kabir,Iyer,Chennai
85,Vikram,Sharma,Hyderabad
86,Rahul,Sharma,Hyderabad
87,Amit,Joshi,Bengaluru
88,Diya,Kumar,Mumbai
89,Ananya,Patel,Mumbai
90,Isha,Nair,Mumbai
91,Amit,Iyer,Hyderabad
92,Sneha,Patel,Kolkata
93,Amit,Das,Delhi
94,Arjun,Iyer,Delhi
95,Isha,Gupta,Kolkata
96,Kabir,Gupta,Ahmedabad
97,Rahul,Patel,Hyderabad
98,Aditya,Das,Mumbai
99,Rohan,Kumar,Pune
100,Kiran,Gupta,Bengaluru