order_id,product_id,quantity,price
1,12,1,7999.0
1,10,3,999.0
2,18,2,249.0
3,4,1,1299.0
3,20,3,1799.0
3,18,2,249.0
4,9,2,3149.1
4,2,2,2499.0
4,3,3,1799.0
4,14,1,7499.0
5,18,3,249.0
5,1,3,809.1
5,4,2,1299.0
5,3,1,1799.0
6,2,3,2499.0
6,12,1,7999.0
6,7,3,599.0
7,8,1,1499.0
7,6,1,1709.1
8,9,3,3149.1
8,6,1,1899.0
9,12,1,7999.0
9,10,2,999.0
9,8,1,1499.0
9,18,2,249.0
10,1,1,899.0
10,4,2,1169.1
10,9,3,3499.0
11,20,3,1799.0
11,17,1,399.0
11,4,1,1299.0
11,13,3,9999.0
12,12,1,7999.0
12,14,2,7499.0
13,17,2,399.0
13,10,2,999.0
13,14,1,7499.0
14,20,2,1799.0
14,19,1,799.0
15,15,3,1999.0
15,20,2,1799.0
15,19,3,719.1
16,3,1,1799.0
16,8,1,1349.1
16,10,1,999.0
17,14,2,7499.0
17,19,1,799.0
17,7,1,599.0
17,13,1,9999.0
18,2,2,2249.1
18,18,2,249.0
18,8,3,1499.0
18,4,2,1299.0
19,18,2,249.0
19,15,1,1999.0
19,6,2,1899.0
19,16,3,2999.0
20,3,2,1799.0
20,10,3,899.1
20,8,1,1499.0
20,9,3,3149.1
21,14,2,6749.1
21,11,2,3999.0
21,18,3,249.0
21,15,1,1999.0
22,16,2,2999.0
22,1,2,899.0
22,12,3,7999.0
22,10,3,999.0
23,14,2,7499.0
23,16,3,2999.0
23,1,3,809.1
24,13,3,9999.0
25,5,2,5999.0
25,15,1,1999.0
25,6,2,1899.0
25,2,2,2499.0
26,16,1,2999.0
27,3,1,1799.0
27,2,1,2499.0
28,5,3,5399.1
28,16,1,2999.0
29,20,1,1799.0
29,4,1,1299.0
30,13,1,9999.0
30,7,2,599.0
30,3,3,1799.0
30,8,3,1499.0
31,12,1,7999.0
31,3,2,1619.1
31,17,2,399.0
31,11,2,3999.0
32,20,2,1799.0
32,18,3,249.0
32,16,2,2999.0
33,8,1,1499.0
33,15,2,1999.0
33,13,1,9999.0
33,11,2,3999.0
34,18,1,224.1
34,1,3,899.0
34,17,3,399.0
35,15,1,1999.0
35,1,1,899.0
35,3,3,1799.0
35,10,3,999.0
36,12,2,7999.0
36,15,1,1999.0
36,9,2,3149.1
37,7,3,599.0
37,20,3,1799.0
38,4,1,1299.0
38,7,2,539.1
38,10,3,899.1
39,5,1,5999.0
39,16,2,2999.0
39,4,2,1299.0
40,4,1,1299.0
40,3,3,1619.1
40,13,1,9999.0
40,16,2,2699.1
41,20,2,1799.0
41,8,2,1499.0
41,17,2,399.0
41,13,3,8999.1
42,7,3,539.1
42,9,1,3149.1
43,14,2,7499.0
44,8,2,1499.0
45,8,2,1499.0
46,14,3,7499.0
46,4,1,1299.0
47,6,2,1899.0
48,4,2,1299.0
48,15,2,1999.0
48,10,3,899.1
48,13,2,9999.0
49,3,1,1799.0
50,9,3,3149.1
51,17,3,399.0
51,15,2,1999.0
51,9,2,3499.0
51,6,2,1899.0
52,14,3,7499.0
52,16,3,2699.1
52,10,1,999.0
53,17,2,359.1
53,1,3,899.0
53,18,2,249.0
53,15,1,1999.0
54,15,1,1999.0
54,16,3,2999.0
54,4,3,1169.1
55,3,1,1799.0
55,8,1,1499.0
55,4,3,1299.0
55,15,3,1999.0
56,15,1,1999.0
56,18,3,249.0
57,14,2,7499.0
57,11,2,3999.0
57,17,3,399.0
58,15,2,1999.0
58,18,3,249.0
59,7,1,599.0
59,8,2,1349.1
59,13,3,9999.0
60,16,1,2999.0
60,2,3,2499.0
61,17,2,359.1
62,3,2,1799.0
62,16,3,2999.0
63,11,3,3599.1
63,16,3,2999.0
63,18,2,249.0
63,2,3,2249.1
64,15,1,1999.0
65,2,2,2499.0
65,10,1,999.0
65,12,3,7999.0
66,3,3,1799.0
66,13,2,9999.0
67,9,2,3499.0
67,15,3,1999.0
67,20,1,1799.0
67,1,2,899.0
68,9,2,3499.0
68,15,1,1999.0
68,10,3,999.0
68,7,2,599.0
69,9,2,3499.0
69,1,1,899.0
69,2,2,2499.0
69,16,1,2999.0
70,4,2,1299.0
70,2,1,2499.0
71,10,2,999.0
72,18,3,249.0
72,12,2,7999.0
73,11,1,3599.1
73,4,1,1299.0
73,15,3,1999.0
74,3,2,1799.0
74,13,2,9999.0
74,1,3,899.0
75,4,1,1299.0
75,8,3,1499.0
75,16,3,2999.0
76,10,1,999.0
76,14,2,7499.0
76,4,1,1169.1
76,5,3,5399.1
77,19,2,799.0
77,5,2,5399.1
77,14,2,7499.0
77,4,2,1299.0
78,18,2,249.0
78,12,1,7999.0
78,2,2,2249.1
79,2,2,2499.0
80,3,1,1799.0
80,18,1,249.0
81,9,1,3499.0
82,4,1,1169.1
82,1,1,899.0
83,2,3,2249.1
83,5,1,5999.0
83,14,2,7499.0
84,20,3,1799.0
84,2,3,2499.0
85,2,2,2499.0
86,16,3,2999.0
87,20,1,1799.0
87,5,3,5999.0
87,3,3,1799.0
88,15,1,1999.0
88,17,1,399.0
88,14,3,7499.0
89,15,2,1999.0
89,8,3,1349.1
89,14,2,7499.0
89,11,2,3999.0
90,3,2,1619.1
90,20,3,1799.0
90,19,1,799.0
90,18,3,249.0
91,14,2,7499.0
92,10,3,999.0
93,5,1,5999.0
93,16,2,2999.0
94,19,3,799.0
94,8,3,1499.0
94,14,3,7499.0
95,1,3,899.0
95,6,2,1899.0
95,9,1,3499.0
96,3,3,1799.0
96,5,2,5999.0
96,1,2,809.1
96,20,2,1799.0
97,2,1,2249.1
98,9,2,3499.0
99,14,1,7499.0
99,9,1,3499.0
99,7,3,599.0
99,17,3,399.0
100,20,2,1799.0
100,2,1,2499.0
100,1,2,899.0
100,7,1,599.0
101,13,3,9999.0
101,18,3,249.0
102,2,1,2499.0
102,14,3,7499.0
102,1,2,899.0
102,15,2,1999.0
103,6,1,1899.0
103,15,1,1999.0
103,12,3,7999.0
104,11,1,3599.1
104,8,3,1349.1
104,20,3,1799.0
105,5,1,5999.0
105,8,1,1499.0
105,4,3,1169.1
106,15,3,1999.0
106,19,2,719.1
106,20,2,1799.0
106,11,2,3999.0
107,10,2,999.0
108,3,2,1799.0
108,20,3,1799.0
108,17,3,399.0
109,11,3,3599.1
109,16,1,2999.0
110,2,3,2499.0
110,8,2,1499.0
111,12,2,7999.0
111,10,3,999.0
111,13,3,9999.0
112,18,3,249.0
113,11,3,3999.0
113,3,2,1799.0
114,5,3,5999.0
114,3,1,1799.0
114,10,3,999.0
114,13,3,8999.1
115,1,1,899.0
115,12,2,7999.0
115,10,2,999.0
116,10,1,999.0
117,11,3,3599.1
118,6,3,1899.0
118,20,2,1799.0
119,20,3,1799.0
119,10,2,999.0
119,15,1,1999.0
119,8,3,1499.0
120,17,1,399.0
120,20,1,1799.0
120,14,1,7499.0
120,6,2,1899.0
121,10,1,999.0
122,14,1,7499.0
122,3,2,1799.0
123,17,1,399.0
123,12,1,7999.0
123,8,1,1499.0
123,13,3,9999.0
124,10,2,999.0
125,15,2,1999.0
125,1,1,899.0
125,3,3,1799.0
125,19,2,719.1
126,4,2,1299.0
126,2,3,2499.0
126,8,1,1499.0
127,17,3,399.0
128,1,1,899.0
128,12,1,7999.0
128,8,2,1349.1
128,14,3,7499.0
129,13,2,8999.1
130,1,2,899.0
130,12,3,7999.0
130,3,3,1799.0
131,12,3,7999.0
132,16,3,2999.0
132,6,2,1709.1
132,5,1,5399.1
132,3,1,1799.0
133,18,3,249.0
133,16,2,2999.0
133,9,1,3499.0
133,2,2,2499.0
134,15,2,1999.0
134,13,2,9999.0
134,11,3,3999.0
134,6,1,1899.0
135,18,2,224.1
135,10,2,999.0
136,6,1,1899.0
136,15,2,1999.0
136,12,2,7999.0
136,19,1,719.1
137,17,1,399.0
137,6,3,1899.0
137,1,1,809.1
138,12,3,7199.1
138,13,2,9999.0
138,2,2,2499.0
139,17,2,399.0
139,12,2,7999.0
140,16,2,2999.0
140,17,1,399.0
141,7,1,539.1
141,10,1,999.0
141,16,3,2999.0
141,20,1,1799.0
142,3,2,1799.0
142,18,1,249.0
142,19,3,799.0
143,4,1,1299.0
143,7,2,539.1
144,15,3,1999.0
144,18,1,249.0
144,5,3,5999.0
145,19,3,719.1
145,3,2,1799.0
145,5,2,5399.1
145,11,3,3999.0
146,17,1,399.0
146,2,1,2499.0
146,4,3,1299.0
146,20,3,1799.0
147,18,1,249.0
147,9,3,3499.0
148,19,1,719.1
148,20,3,1799.0
149,1,1,809.1
150,7,3,599.0
150,19,2,799.0
150,14,3,7499.0
151,13,2,8999.1
151,10,1,899.1
152,7,3,599.0
152,11,2,3999.0
152,5,1,5999.0
152,19,3,799.0
153,4,1,1169.1
153,9,2,3499.0
153,15,3,1999.0
153,8,1,1499.0
154,6,3,1899.0
154,16,2,2999.0
155,8,1,1499.0
155,7,3,599.0
155,12,3,7999.0
155,2,2,2499.0
156,9,2,3499.0
156,12,2,7199.1
157,18,2,249.0
157,10,3,999.0
157,3,3,1799.0
158,13,2,9999.0
159,5,2,5999.0
159,7,1,539.1
159,17,3,399.0
160,5,3,5999.0
160,17,2,399.0
160,20,3,1799.0
160,11,3,3999.0
161,19,2,799.0
161,10,1,999.0
161,16,3,2999.0
161,1,3,899.0
162,9,3,3499.0
162,19,3,799.0
162,8,3,1499.0
162,2,2,2249.1
163,19,3,719.1
164,14,3,7499.0
164,5,3,5999.0
164,20,2,1799.0
165,17,3,399.0
165,7,3,599.0
166,15,2,1999.0
166,18,3,249.0
167,20,1,1799.0
167,16,2,2999.0
167,7,2,599.0
168,11,2,3599.1
168,16,3,2999.0
168,12,2,7999.0
168,9,1,3499.0
169,15,1,1999.0
169,9,3,3499.0
169,16,3,2999.0
170,8,3,1499.0
170,2,1,2499.0
171,11,1,3999.0
171,16,1,2999.0
171,4,2,1299.0
171,5,1,5999.0
172,2,3,2499.0
172,3,1,1799.0
172,8,1,1499.0
173,16,1,2999.0
173,6,3,1709.1
173,10,2,999.0
173,2,3,2499.0
174,9,1,3499.0
174,7,3,599.0
174,4,1,1169.1
174,11,2,3999.0
175,6,2,1899.0
175,13,1,9999.0
176,16,1,2699.1
176,11,2,3999.0
177,10,2,999.0
177,19,3,799.0
177,1,3,809.1
178,17,2,399.0
178,10,1,999.0
178,4,2,1169.1
178,19,3,799.0
179,18,3,249.0
179,7,3,599.0
179,8,3,1349.1
179,3,3,1799.0
180,6,3,1899.0
180,11,3,3999.0
181,17,2,399.0
182,15,3,1999.0
182,19,3,719.1
182,2,2,2499.0
182,20,3,1799.0
183,12,1,7999.0
183,3,2,1619.1
183,18,2,224.1
183,2,1,2499.0
184,12,2,7199.1
184,13,3,9999.0
184,15,1,1999.0
184,19,2,719.1
185,8,1,1499.0
185,1,2,899.0
186,8,1,1499.0
186,20,3,1799.0
186,15,1,1999.0
186,12,2,7999.0
187,3,3,1619.1
187,4,3,1299.0
188,13,2,9999.0
189,17,1,399.0
189,10,3,999.0
190,8,3,1499.0
190,10,2,999.0
190,5,1,5999.0
191,18,3,249.0
191,16,3,2999.0
191,2,2,2499.0
191,12,2,7999.0
192,8,2,1499.0
192,20,3,1799.0
192,10,2,999.0
192,5,1,5999.0
193,3,1,1799.0
193,15,1,1799.1
193,12,2,7999.0
194,7,3,599.0
195,7,1,599.0
195,11,3,3599.1
195,10,2,999.0
195,1,3,899.0
196,18,2,249.0
196,11,3,3999.0
197,17,1,399.0
197,16,3,2999.0
197,15,2,1999.0
198,2,1,2499.0
198,19,3,799.0
198,8,2,1499.0
198,5,1,5999.0
199,16,3,2999.0
199,18,2,249.0
200,15,1,1999.0
200,6,2,1899.0
200,12,3,7999.0
200,19,1,799.0
201,1,2,809.1
202,5,1,5999.0
203,20,3,1799.0
204,1,1,809.1
204,20,3,1799.0
204,18,2,224.1
204,14,3,7499.0
205,17,1,399.0
206,12,1,7999.0
206,9,2,3499.0
206,13,1,9999.0
207,2,1,2499.0
208,2,2,2499.0
208,1,3,899.0
208,6,3,1899.0
208,3,1,1799.0
209,19,2,719.1
209,16,1,2999.0
210,6,2,1709.1
211,13,2,8999.1
211,3,1,1799.0
212,13,3,9999.0
212,5,2,5399.1
212,3,2,1799.0
213,11,2,3999.0
213,1,3,899.0
213,9,2,3499.0
213,15,3,1999.0
214,8,2,1349.1
214,3,3,1799.0
214,19,1,799.0
215,3,1,1799.0
216,4,1,1299.0
216,5,3,5999.0
216,3,2,1619.1
217,20,3,1799.0
218,14,3,7499.0
218,13,1,9999.0
218,3,1,1799.0
219,10,1,899.1
219,9,2,3499.0
219,16,2,2999.0
220,8,2,1349.1
220,16,2,2699.1
220,7,2,599.0
221,15,3,1999.0
221,11,1,3999.0
221,14,3,7499.0
222,6,2,1899.0
222,13,3,9999.0
222,11,3,3999.0
223,13,3,9999.0
223,12,3,7199.1
223,4,3,1169.1
224,15,3,1799.1
224,10,2,999.0
225,8,3,1499.0
225,9,2,3149.1
225,5,3,5999.0
226,18,1,249.0
226,2,3,2499.0
226,12,1,7999.0
226,3,1,1799.0
227,11,1,3999.0
227,14,3,7499.0
227,4,3,1299.0
227,1,3,899.0
228,19,1,799.0
228,17,2,399.0
228,5,1,5399.1
228,12,3,7199.1
229,7,2,539.1
229,17,3,399.0
229,16,2,2699.1
229,12,1,7999.0
230,4,3,1169.1
230,6,1,1899.0
230,8,2,1499.0
231,6,2,1709.1
231,14,3,7499.0
232,13,2,9999.0
232,1,1,899.0
232,7,3,599.0
232,18,2,249.0
233,17,3,359.1
233,11,2,3999.0
233,13,3,8999.1
233,18,3,249.0
234,5,2,5399.1
235,12,3,7999.0
235,5,3,5399.1
236,16,3,2999.0
236,18,1,249.0
237,6,2,1899.0
237,11,2,3999.0
238,13,3,9999.0
238,18,2,249.0
239,16,1,2999.0
239,6,2,1899.0
239,3,2,1619.1
239,1,2,899.0
240,19,1,799.0
241,15,3,1999.0
242,10,2,999.0
242,2,1,2499.0
243,19,3,799.0
243,12,2,7199.1
244,2,2,2499.0
244,19,3,799.0
245,10,3,999.0
245,19,3,799.0
245,9,1,3499.0
246,5,1,5999.0
246,20,1,1799.0
246,8,3,1499.0
247,14,1,7499.0
247,13,1,9999.0
247,15,3,1999.0
248,11,3,3999.0
248,19,3,799.0
248,1,2,899.0
248,3,3,1799.0
249,9,3,3499.0
249,11,3,3999.0
249,10,2,999.0
249,19,1,719.1
250,4,1,1299.0
251,5,1,5999.0
251,10,2,899.1
252,12,3,7999.0
253,10,3,899.1
253,8,1,1499.0
253,14,1,7499.0
253,3,3,1799.0
254,4,2,1169.1
254,14,2,6749.1
254,5,1,5399.1
255,13,3,9999.0
255,5,1,5399.1
256,15,3,1999.0
256,12,3,7199.1
257,7,1,599.0
257,3,2,1799.0
257,4,2,1299.0
257,5,1,5999.0
258,18,3,224.1
258,10,3,999.0
259,13,3,8999.1
259,10,1,999.0
260,20,2,1799.0
260,3,1,1799.0
260,17,3,399.0
260,1,3,899.0
261,1,3,809.1
262,2,2,2499.0
263,14,2,6749.1
263,13,1,9999.0
263,3,1,1799.0
263,5,1,5999.0
264,10,3,999.0
265,3,1,1799.0
265,14,3,6749.1
266,4,3,1169.1
266,1,1,809.1
267,6,3,1899.0
267,12,2,7999.0
267,5,1,5999.0
268,9,3,3499.0
268,17,3,359.1
268,3,2,1799.0
268,20,1,1799.0
269,6,3,1899.0
269,9,1,3499.0
269,4,3,1169.1
270,16,2,2999.0
271,18,3,249.0
272,8,2,1499.0
272,14,3,7499.0
272,11,3,3999.0
273,17,2,359.1
273,2,2,2499.0
274,3,1,1799.0
274,18,2,249.0
274,15,2,1999.0
275,19,3,799.0
275,16,1,2699.1
275,7,2,539.1
276,11,1,3999.0
277,7,3,599.0
278,5,3,5999.0
279,12,3,7199.1
279,15,2,1799.1
279,3,3,1619.1
279,4,3,1299.0
280,11,2,3999.0
280,13,1,8999.1
280,20,1,1619.1
281,5,1,5399.1
282,4,2,1299.0
282,18,2,249.0
282,12,1,7199.1
282,7,3,599.0
283,7,2,539.1
284,13,3,9999.0
284,17,1,359.1
284,2,2,2499.0
285,4,1,1299.0
285,15,1,1799.1
286,7,2,599.0
286,13,3,8999.1
287,1,1,899.0
288,3,1,1619.1
288,11,2,3599.1
289,16,1,2999.0
289,1,1,899.0
289,13,2,9999.0
289,14,1,7499.0
290,16,2,2699.1
290,14,2,7499.0
290,18,2,249.0
291,13,3,9999.0
292,19,2,799.0
292,17,1,399.0
292,11,1,3599.1
293,16,3,2999.0
294,4,3,1299.0
294,8,3,1499.0
295,19,2,799.0
295,13,1,8999.1
296,19,3,799.0
296,1,3,899.0
296,12,2,7999.0
297,3,1,1799.0
298,1,2,899.0
298,11,2,3599.1
298,7,1,599.0
298,5,1,5999.0
299,12,3,7999.0
300,11,2,3999.0
301,22,2,3999.0
302,22,2,3999.0
303,11,2,3999.0
304,11,2,3999.0
305,11,2,3999.0